PubmedID,Title,Publication Date,Non-academic Author(s),Company Affiliation(s),Corresponding Author Email
40725154,From Control to Cure: Insights into the Synergy of Glycemic and Antibiotic Management in Modulating the Severity and Outcomes of Diabetic Foot Ulcers.,2025 Jul 18,N/A,N/A,N/A
40725110,The Utility of Metabolomics in Spinal Cord Injury: Opportunities for Biomarker Discovery and Neuroprotection.,2025 Jul 17,N/A,N/A,N/A
40718970,[Kidney protection: role of sodium-glucose co-transporter 2 inhibitors and finerenone].,2025 Aug,N/A,N/A,N/A
40699801,Alpha-Lipoic Acid in Diabetic Peripheral Neuropathy: Addressing the Challenges and Complexities Surrounding a 70-Year-Old Compound.,2025 May 29,N/A,N/A,N/A
40697165,What Happens After Menopause (WHAM)? A Progress Report of a Prospective Controlled Study of Women After Pre-Menopausal Risk-Reducing Bilateral Salpingo-Oophorectomy.,2025 Jul 23,N/A,N/A,N/A
40691762,Clinical characteristics and CKD care delivery in African American and American Indian or Alaska Native patients: A real-world cohort study.,2025 Jul 21,N/A,N/A,N/A
40690059,Effects of safranal on antidiabetic and endothelial dysfunction in streptozotocin-induced diabetic rats.,2025 Jul 21,N/A,N/A,N/A
40686398,A case of hypopituitarism with pancytopenia cured by corticosteroid and thyroid hormone replacement therapy.,2025 Jul 1,N/A,N/A,N/A
40684116,Population risk predictors of major adverse kidney events attributed to focal segmental glomerulosclerosis from the CURE-CKD registry.,2025 Jul 19,N/A,N/A,N/A
40670684,"Tau PET positivity in individuals with and without cognitive impairment varies with age, amyloid-Î² status, APOE genotype and sex.",2025 Jul 16,N/A,N/A,N/A
